post id,label,language
44b19f81b45548f99d20e3f358130bdf.jpg,EXPLICIT,ar
0fdbe3bdbab2450e95253e44e92c3bc6.jpg,IMPLICIT,ar
9ac34f4feea64b8f88024d4872ea353c.jpg,IMPLICIT,ar
8a8fd62d6ff547fa834abb32b393349b.jpg,EXPLICIT,ar
83c556559ec1457bac6b58dd59d8a594.jpg,NO_DARK_HUMOUR,ar
54c4200f6d3a49b5b05f9d5b1c34a7fd.jpg,NO_DARK_HUMOUR,ar
3f5a58ad7c0149338aa9cb031955047a.jpg,NO_DARK_HUMOUR,ar
WhatsApp Image 2025-11-17 at 10.41.17 PM.jpeg,IMPLICIT,ar
3a36abcb8fcf4c8babd1f9233ec79df3.jpg,IMPLICIT,ar
d683f5a3fbd0495c8979bb3d4b3db2e1.jpg,NO_DARK_HUMOUR,ar
